epoch,lr,train_loss,train_mse_loss,train_sobolev_loss,val_loss,val_rel_l2,val_mae,val_rmae,val_rrmse
1,0.0009999728588359286,0.4291144387131291,0.4066469101767455,2.246753059646913,0.1918815780017111,0.33749700763395857,54.55207655541746,0.2683096182325424,0.2713891802780456
2,0.0009998914383200486,0.11352904188845839,0.10471690968344254,0.8812132484146527,0.03719132264248199,0.14795692541769573,21.67856931523249,0.10662414749489689,0.12081454686122474
3,0.0009997557473810372,0.05993909510517759,0.05303246128439371,0.6906633865620408,0.014298137160949409,0.08504797433103833,13.344669645141833,0.06563459072525131,0.07482631465831237
4,0.000999565800898935,0.0217254271564473,0.01825017229587372,0.3475254991757018,0.0060087640304118395,0.05556048391652959,9.276539253271677,0.04562584713042132,0.048837981603596634
5,0.0009993216197035143,0.02259588709234127,0.019191303651314228,0.3404583475153361,0.007462516918571459,0.07127054232571806,10.852539033941365,0.05337726423837487,0.054136934999811176
6,0.0009990232305719946,0.012740848274136494,0.010027691301989503,0.2713157043659261,0.004085082305310708,0.04365721757390669,7.611518268387191,0.037436587013994764,0.04022919808458045
7,0.0009986706662261067,0.017696571812432792,0.014864427645391386,0.2832144171265619,0.004211934652024259,0.042892570394490445,7.681698056413584,0.03778176016453237,0.04063726088762547
8,0.0009982639653285047,0.010376855933905712,0.00795240611727682,0.24244498605174677,0.005059996225302004,0.05906206938837256,9.074526497843252,0.04463226505784809,0.044481785292021375
9,0.0009978031724785245,0.01977029135783336,0.01702120583338131,0.2749085655702012,0.010027273506340053,0.08926452685679709,12.353376972830457,0.060759004400056355,0.06311153254955928
10,0.0009972883382072953,0.014624673860713042,0.012102528548400318,0.252214534021914,0.0035062257181076952,0.041312298285109655,6.971656769195971,0.03428948418289916,0.03716720242879867
11,0.0009967195189721962,0.012867850233202001,0.010540853755914473,0.23269964504454818,0.006119937002141442,0.06558304248111589,9.791348732910514,0.04815789253851995,0.04900063132807934
12,0.0009960967771506667,0.014644300590069699,0.012123954672798781,0.25203458994094813,0.01691108714375231,0.11145860233477184,16.979052298855827,0.08350998399902279,0.08135201047357833
13,0.0009954201810333646,0.009450097051116504,0.007380013794837785,0.20700833270592348,0.003035520804890742,0.04943502255316291,6.809980957102646,0.0334942958388564,0.034665129633658726
14,0.0009946898048166792,0.021907816182023712,0.019488095969427376,0.24197202696065817,0.060365060861739844,0.1379665317279952,24.057679873702295,0.1183255947354539,0.154087344761554
15,0.000993905728594593,0.017250411622392547,0.014730638257294362,0.25197733124451976,0.0050556317566790515,0.043843183985778265,8.722568403640883,0.04290118994848248,0.04438283032697579
16,0.0009930680383498998,0.012086972253330584,0.009968561133635895,0.21184111745761974,0.003915842544908325,0.05109618223671402,7.8842022488211,0.038777759326913554,0.03923587560448355
17,0.0009921768259447744,0.011580964114234251,0.009460101289109193,0.2120862804220191,0.003946907611356841,0.044076123008770604,7.646912925866355,0.037610672541720895,0.0393993282107503
18,0.0009912321891107007,0.006457631260855123,0.00485191469820815,0.1605716611657824,0.001595169795715871,0.03223094865679741,4.738000390110945,0.023303440604408285,0.02495013791994262
19,0.0009902342314377522,0.005035930177421375,0.0035615389734240514,0.14743912212683685,0.004185247810609225,0.04849493027265583,7.955773070807136,0.03912977415634273,0.04043750669644721
20,0.0009891830623632338,0.005795505756811638,0.004278041586595853,0.15174641996355995,0.006258103450010013,0.042229327373206615,8.290183126530742,0.04077454077293844,0.04971231553197721
21,0.00098807879715968,0.040126191673334685,0.036791834679232645,0.3334357399493456,0.10838260698235697,0.20694444285971778,41.75991715711361,0.20539250084211588,0.20660848927822378
22,0.0009869215569222143,0.04772670625575951,0.04282181428944958,0.49048921521753075,0.014769556388879815,0.12609059688236032,17.201902433424113,0.0846060528987712,0.07673905228097866
23,0.0009857114685552697,0.009144851322551923,0.007103914307663217,0.20409370543701308,0.0030399819693735074,0.050872718782297204,7.228265337128966,0.03555159098514634,0.03469979140926638
24,0.0009844486647586721,0.009776132112269157,0.007963540168462454,0.1812592030502856,0.005178880632027156,0.06686501979295696,9.357025424038602,0.04602171132322679,0.04524549223232534
25,0.0009831332840130884,0.005138579352725563,0.003650223956044231,0.14883554177358746,0.002821408846001658,0.035423365022454946,6.35369384515737,0.03125008757877123,0.033013971396874064
26,0.0009817654705648405,0.0059243169484294155,0.004519090223142744,0.14052267743806754,0.0014458441291935742,0.03119281306862831,4.493077515558744,0.02209880886319931,0.023482678962446064
27,0.0009803453744100864,0.0036075511327778387,0.0023902623330026734,0.12172888501414231,0.0017389408506763477,0.03311625165598733,5.264154001864307,0.025891281134324807,0.026026232116684027
28,0.0009788731512783728,0.0034537848184949585,0.0022377701652918146,0.1216014674132956,0.004771117593110021,0.06314616658325706,9.212124496796864,0.04530902878344708,0.043823032938500386
29,0.0009773489626155566,0.01692272680811584,0.014948689719728594,0.19740370575870786,0.005420528843791949,0.0629304057785443,9.764467518551688,0.04802567963632334,0.04660371241076933
30,0.0009757729755661006,0.005562263677295829,0.004175332485049564,0.13869312167433756,0.0007812886356583072,0.024631674175283738,3.4704961248789115,0.017069331712750466,0.017512823966663045
31,0.0009741453629547445,0.0039192993459956985,0.002723585588059255,0.11957137800220932,0.0007482720150922736,0.0195987535108413,3.1802509618548034,0.015641786258899053,0.017087989320861027
32,0.0009724663032675527,0.021834863223817332,0.019631364680701934,0.2203498565724918,0.034307299414649606,0.12076460218855313,18.107134003966223,0.08905835522052541,0.11360705462492322
33,0.0009707359806323412,0.0066933937046477305,0.005155598573453192,0.15377951519829886,0.03296698019322422,0.0936589454965932,22.041867928882148,0.10841099995749248,0.11325171475113306
34,0.0009689545847984858,0.013817500436977883,0.012196650457501944,0.1620849993479039,0.005276088059569399,0.07567675512816224,9.358014523779062,0.046026576123808435,0.045749858464994006
35,0.0009671223111161144,0.007188031081542639,0.005820191807496096,0.13678392871682132,0.0015942304615034824,0.03838361892849207,4.96325463335283,0.024411333902440557,0.02514894491976723
36,0.000965239360514684,0.003138514692753753,0.0020363703137263657,0.11021443912759424,0.0017192507285573003,0.0330906945679869,5.275615524245138,0.02594765362990232,0.025893720744021288
37,0.000963305939480947,0.005064937602063375,0.0038221351673460697,0.12428024629397051,0.0010593345020121585,0.02812410925648042,4.136038240582505,0.020342742410521166,0.020317323662142676
38,0.0009613222600363074,0.006563935617616932,0.0054652148841081985,0.10987207527671541,0.0047253188741807305,0.04791995542390006,8.55754419163072,0.04208953279224952,0.042292208238680296
39,0.0009592885397135703,0.007068428783012288,0.0058335701373705105,0.12348586593621544,0.0020227809759995174,0.047363828455231016,5.542256926039991,0.027259106048178085,0.027938660517348703
40,0.0009572050015330871,0.00445166688545474,0.003383595243628536,0.10680716756199088,0.003993716634189089,0.04430242795497179,7.863316220047705,0.03867503322076999,0.03972546287240761
41,0.0009550718739782986,0.003397986657884238,0.0023881172883972925,0.10098694101242082,0.001161356202727701,0.022237111268831152,3.7635690781958253,0.01851078540588098,0.02126645342524622
42,0.0009528893909706794,0.010041003765737903,0.008275719480713763,0.1765284349077514,0.004360411012183047,0.04561202986431973,8.218698623016888,0.040422950493366576,0.04171900469356787
43,0.0009506577918440856,0.008828151708335749,0.007528693567396008,0.12994581863417157,0.014417970966961648,0.08520736369703497,17.003304748044304,0.08362926754960137,0.07476183001321221
44,0.000948377321318509,0.0035660377242103486,0.002615510571714757,0.09505271891664181,0.0008537023305608374,0.024422615620174577,3.898065509508883,0.01917229434225642,0.01837022672379561
45,0.0009460482294732416,0.0021701020641817846,0.0013754105826332566,0.07946915134255375,0.0024192075070459396,0.02864322779434068,5.334452850837111,0.026237039875716052,0.030898011111146893
46,0.0009436707717194508,0.003780916396603321,0.0029074053904748457,0.08735110257486148,0.0029619571642898438,0.03343639255368284,5.923703737868292,0.029135218836546507,0.03427790578696851
47,0.0009412452087721706,0.004167245002047691,0.0032914765147974583,0.0875768490534808,0.0007756399378801385,0.02573717241840703,3.5676427817480625,0.01754713904957386,0.017477711051418408
48,0.000938771806621712,0.004987467883204642,0.004095415999264722,0.08920519032648631,0.001922555888692538,0.03647257656391178,5.258248761697617,0.02586223672694855,0.027111161398834047
49,0.0009362508365044934,0.0025804963852611505,0.001870859871373146,0.07096365384225334,0.012519978517149057,0.05959830661969526,11.414896097976678,0.05614316828252997,0.06858859122089647
50,0.0009336825748732968,0.007041411675579314,0.006013517917433222,0.10278938069407428,0.0010338057877056093,0.03024548619453396,4.054673834693486,0.019942558695064925,0.020061499290319085
51,0.0009310673033669517,0.002774515504383349,0.0020462459466736097,0.0728269578489874,0.0026812037297834954,0.03418613842555455,5.9962029439382585,0.029491799841909964,0.03272614269037241
52,0.0009284053087794505,0.0060133769754819304,0.005035299253358971,0.09780777330909457,0.0018822956092966099,0.030976762396416495,4.763863410620614,0.023430645609193765,0.027333596416385067
53,0.0009256968830284974,0.004118643640374233,0.003372681959548832,0.07459616846005832,0.0012222170836240468,0.029687446701739516,4.390354021398413,0.021593572339825683,0.02205768151156307
54,0.0009229423231234972,0.0199323661870689,0.01815828115140903,0.1774084981996566,0.005440484745324486,0.06478837640689952,9.836573415110031,0.048380326183246815,0.04588051848848759
55,0.0009201419311329846,0.017846364882175943,0.015967821398018195,0.18785434729818787,0.0034788669694939423,0.056196183258933684,7.930818736063387,0.039007038443036914,0.037220275499077235
56,0.0009172960141514989,0.006911911804179128,0.0059035800796534334,0.10083317272365093,0.0011305402214121488,0.03347801168316177,4.244732716885692,0.02087734668743202,0.021206680042777096
57,0.0009144048842659077,0.001923752106709539,0.001347952114779868,0.05758000119988407,0.001935624869980125,0.029866902955940793,5.4568132619443634,0.026838858857943293,0.027442461446677165
58,0.0009114688585211832,0.001071994866444064,0.0006373235824867152,0.04346712917488601,0.0002635630630215423,0.013195476547947952,1.9563998971317993,0.009622381816691622,0.01016323366101801
59,0.0009084882588856339,0.00235607235081261,0.0018904273698613647,0.046564498889659134,0.0057672141766589545,0.04607158786218081,8.038942725087733,0.03953883682815303,0.04669802897536212
60,0.0009054634122155986,0.015738305328912766,0.014126416679105854,0.1611888686328062,0.001874173680941264,0.03935570698231459,5.010347378660074,0.02464295545221004,0.026700604087222038
61,0.0009023946502196013,0.0021908515193250163,0.0015424172803510114,0.06484342513472906,0.000343556514255599,0.015630753338336946,2.3092650706769082,0.01135791831648497,0.011666994443018911
62,0.0008992823094219767,0.0009930470247387089,0.0006255025101251834,0.03675445234070399,0.00018163076715104075,0.012211805009948356,1.69760255976751,0.00834950974339352,0.008434689444411479
63,0.0008961267311259662,0.0007527691770519596,0.0004692435048387519,0.028352567540215593,0.00013982678622899888,0.010963904967398515,1.5586554509294122,0.00766611053880058,0.007379147387899767
64,0.0008929282613762903,0.0009252551331883297,0.0006603250697350761,0.02649300647234278,0.0007457082651348577,0.019058830171291317,3.325458123332176,0.016355974984988086,0.01688442799315373
65,0.0008896872509212002,0.0014111886023394098,0.0011441689582300438,0.02670196439139545,0.0002658364157671005,0.017135678012190122,2.2311739876249725,0.01097383415316727,0.010288109746961203
66,0.0008864040551740152,0.0004974580700426096,0.000299221397238268,0.019823667935894004,0.0005550374529169252,0.014532484712877445,2.463396634022244,0.01211600093276743,0.014805182469654262
67,0.0008830790341741476,0.0013651002346055715,0.0011170627735347287,0.02480374654488904,0.003041808800642482,0.053418652952781746,6.794165371056624,0.03341650826188265,0.03500204083689486
68,0.000879712552547619,0.0028714079501306906,0.0024815708363478605,0.038983711926266554,0.0028923514764755964,0.053192018078906195,7.414327752595408,0.036466722705393716,0.03395139701667722
69,0.0008763049794670771,0.002740744431503117,0.002396515508839262,0.034422894091611464,0.0014911246932266902,0.029922317128096308,4.857944269538676,0.023893374086883364,0.02435036086492795
70,0.0008728566886113098,0.0015809568227268755,0.001284973548691986,0.029598328504445298,0.0005562141450354829,0.01520945002058787,2.641088606589962,0.01298996336157065,0.014680007992631111
71,0.000869368058124268,0.0031827826605876908,0.0028003257272108126,0.038245696035612904,0.0011515252861297792,0.028980801168030926,4.319342149002961,0.021244306655080456,0.02126438349803116
72,0.0008658394705735983,0.003876175823513352,0.003416255652804726,0.04599201913390841,0.007996007709556984,0.0719944778829813,10.795986997824974,0.0530991179939281,0.05599441613559333
73,0.0008622713129086888,0.007167088888984706,0.006458174812100229,0.07089140693923192,0.013588523285256492,0.07313138209283351,13.128930581956427,0.0645734970082721,0.07334804299736009
74,0.0008586639764182372,0.009192458577204628,0.008103624722155343,0.10888338915205427,0.0011402061451614525,0.02488187394504036,4.0100085304640665,0.01972287630196919,0.021237611046108718
75,0.0008550178566873405,0.0013744949496218137,0.0010472453607820041,0.03272495986228543,0.00026657544610012945,0.014814435617466058,2.1129018771019155,0.01039212311986203,0.010314429880538517
76,0.0008513333535541156,0.0008421746768622792,0.0006429897688316747,0.019918491478477206,0.0005154442511007397,0.01886541069418724,2.836653850503546,0.013951833912560645,0.014206199119977525
77,0.0008476108710658509,0.0013403355716686098,0.0011205686793151213,0.021976689555283105,0.0004789888250040046,0.015277757615383183,2.447072297325084,0.012035711110203757,0.013753945250467199
78,0.0008438508174347005,0.0007721560146559828,0.0005996466065490884,0.01725094074582947,0.000610573218889638,0.021834611373820475,3.254039604542879,0.016004709245513924,0.015634999536346464
79,0.0008400536049929166,0.006683370522140259,0.005997101834717407,0.06862686997545617,0.001170936652569152,0.024784983534898077,4.330717952642931,0.021300257550526717,0.021654576773359153
80,0.0008362196501476343,0.003700253864683743,0.0032991767202994586,0.04010771350003779,0.0008708962284597672,0.030080601160547563,4.272509287267876,0.021013963319935127,0.018525241211400673
81,0.0008323493733352072,0.0011632064843849679,0.0009529887581136011,0.021021772279138012,0.0003537408313907993,0.01863577587396971,2.3217721889165084,0.011419433483861732,0.011732679950891297
82,0.0008284431989751018,0.0018258790996956771,0.001573716729347195,0.02521623692009598,0.003547841327316645,0.0419220033900014,6.370405301282169,0.03133228141438809,0.037269297908928134
83,0.000824501555423355,0.0023230035228022773,0.00201881431244796,0.03041892161459795,0.000432209535372547,0.020140931682128993,2.8892569414616536,0.014210557615561828,0.012841719385052122
84,0.0008205248749256009,0.000619959392185722,0.0004751219121057407,0.01448374834976026,0.0005259633447470454,0.01639989022431629,2.9164994082650972,0.014344547306317582,0.014332331931049684
85,0.000816513593569669,0.0021242363494820894,0.0018852703393869368,0.02389660151010113,0.0011241110648067358,0.036476690461859106,4.558369950262282,0.022419943993792976,0.021159253341090863
86,0.0008124681512377632,0.0011096504105288269,0.0009223653246278576,0.01872850879694202,0.0006032366121265417,0.022885181741522893,3.1110872186403347,0.015301610435920878,0.015388486505518472
87,0.000808388991558223,0.0008751221787991069,0.0007128045452970712,0.016231764061376452,0.0004834466186972956,0.019679417201716985,3.229342583094202,0.015883239105149168,0.013915310425233585
88,0.0008042765618568752,0.0005694339705639452,0.00042675691173436854,0.014267706465242164,0.0006188526507078981,0.017391080615509834,2.9632797149734063,0.014574632154159385,0.015369364836332543
89,0.0008001313131079794,0.0061388875449275866,0.005476566117223618,0.06623214537810002,0.0033856216662873826,0.04488708847867591,6.828610853766084,0.033585925356504565,0.0369027718047891
90,0.0007959536998847737,0.0034929276820288837,0.003049867640532154,0.04430600664511855,0.00033474749862863164,0.014282903959974646,2.289647530763361,0.011261431161875586,0.011519482508490391
91,0.0007917441803096255,0.001481544944441079,0.0012708158072200603,0.021072914813911277,0.001113548903958872,0.029858455660619905,4.743280538890006,0.02332941055445559,0.0210391163183598
92,0.0007875032160037932,0.0027091754997465092,0.002364351669426209,0.03448238264370177,0.0008969850815548045,0.02509522604356919,3.4391887648619135,0.016915349200178353,0.018976880100812464
93,0.0007832312720368042,0.00182831034170314,0.0015989129524054339,0.022939739662355612,0.005221872364119109,0.050133521908095904,9.467684734381853,0.04656597946454882,0.04466973649524814
94,0.0007789288168754548,0.0017143683302232862,0.0014754925021926673,0.023887583430457326,0.0009732584601604483,0.022205753265214817,4.086974892391066,0.02010142862278511,0.01935466960314548
95,0.0007745963223324379,0.0014693365737912245,0.0012119633165379388,0.025737326139850275,0.00031739189823080477,0.01561913561475064,2.4715643177570734,0.012156172970994243,0.011235243773265026
96,0.0007702342635146028,0.0007608268380863592,0.0006002119062551563,0.016061493797626877,0.00019427076363677366,0.009781957251418914,1.6941354630268497,0.008332457131254791,0.00875882071507314
97,0.000765843118770855,0.0005583235418660998,0.00041922750177556217,0.013909604217457985,0.0002979696012819962,0.013379346373091851,1.9122961770269777,0.009405461526005007,0.010833521647654887
98,0.0007614233696396991,0.0015172598547256453,0.0013171328343949947,0.020012702530116906,0.0036312447822031877,0.03751813183937754,6.718300115833821,0.03304337163810507,0.037516355824290575
99,0.0007569755007964334,0.0017118687100134723,0.0014759491624967529,0.023591956213515786,0.005553499071134461,0.07682418767362834,11.85738963230187,0.058319534037269895,0.04678402327099642
100,0.0007524999999999996,0.0015723634108975862,0.0013206473781922667,0.02517160447979612,0.0012999743048567325,0.023324205234114614,4.067583122761003,0.020006051899572563,0.022368288497001215
101,0.0007479973580394943,0.0016540229486833725,0.0014340152893315202,0.02200076704113079,0.00018073267710860819,0.011548265063070825,1.6257005968468983,0.007995866226234247,0.008439363101575103
102,0.0007434680686803487,0.001018694466620218,0.0008298566518663262,0.01888378201983869,0.0003379984199354011,0.0118451156919556,1.9261581704253636,0.009473640528373226,0.011546542875691873
103,0.0007389126286101815,0.0012702829056901723,0.0010976952673705195,0.017258763547787177,0.016671002118123904,0.11696500762232713,15.433557537651703,0.07590860316179979,0.0802329376668907
104,0.0007343315373843313,0.004189173282689548,0.003719118267222906,0.04700550264013665,0.0026351124526829356,0.03927233910986355,6.7525232124579615,0.033211694946212886,0.0316828204175259
105,0.0007297252973710753,0.0007871984661116065,0.0006388623896002952,0.014833608033534671,0.002930942149962195,0.029613846154617412,5.709018873830239,0.02807931010588912,0.033805095626441725
106,0.0007250944136965387,0.003975427079421934,0.0035409863321027454,0.04344407815286624,0.0029752989584166142,0.030986941326409577,4.776943029522774,0.02349497657101702,0.03337974369163712
107,0.0007204393941893019,0.0006163427539701972,0.0004552197694595504,0.01611229912377894,0.0002651205359143205,0.015927612887961524,2.089293567910148,0.01027600771553046,0.010271431128865565
108,0.0007157607493247106,0.0006196794296556618,0.0004604788330782737,0.015920060058124363,0.00040186473860457126,0.01599656392021903,2.4932739775437747,0.012262950034254354,0.012325059465827732
109,0.0007110589921688983,0.0004392839865301669,0.0003337256002591208,0.010555838919909938,0.0002432796334485627,0.01266618018437709,1.9481477369567006,0.009581794288480385,0.009889353499814698
110,0.0007063346383225208,0.0003366824475701183,0.0002307427777590679,0.010593967370888484,0.0005337906720039124,0.01633262221501874,2.254694446887794,0.011089517475305354,0.014043449075427714
111,0.0007015882058642161,0.00029811816587295783,0.0002225337860311681,0.007558438107038715,0.00031795200710702274,0.014430203129138265,2.17040288807757,0.010674936814170994,0.01117412661613382
112,0.0006968202152937907,0.0022937488545721864,0.0020396455964925863,0.025410326713296984,0.00031985340764448565,0.013326229600768005,2.0079517519008627,0.009875935106422318,0.010751188683781715
113,0.000692031189475141,0.0029631529196714316,0.002693241969453603,0.02699109415656754,0.000717529126025814,0.016779463192714113,2.9480042155400095,0.014499500945961976,0.016821439151461656
114,0.0006872216535789155,0.0005436372693761118,0.00041675750336643043,0.01268797675812883,0.00019483848276043622,0.010235993264775192,1.6300457216595536,0.008017237342665939,0.008842780678825811
115,0.0006823921350249233,0.0007141307864783033,0.0005838116255940154,0.0130319160459164,0.0006696915580606502,0.020504555352298278,3.291123091140883,0.01618710113158144,0.01603540039514818
116,0.0006775431634242984,0.001073057977139667,0.0008946066341325474,0.01784513450693339,0.00010028555435484223,0.007092616480908223,1.17773221882311,0.005792572931510391,0.006220291205543082
117,0.0006726752705214191,0.005286335300063781,0.004757904889265774,0.05284304120744179,0.001394869523614438,0.03365006252591099,4.336346516760491,0.02132794115094926,0.02300626228475328
118,0.0006677889901355985,0.0012462350778930289,0.0010129409742928276,0.023329411405471286,0.00017148631983824694,0.012490957260264881,1.806952413890006,0.00888733743879914,0.008176750828664942
119,0.0006628848581025445,0.0004793203392702188,0.0003751347917516666,0.01041855488105544,0.00020002320080594573,0.013016378240925925,1.874570056900223,0.009219908903121408,0.008843566205727852
120,0.0006579634122155989,0.0003133150806076758,0.00021938662794127595,0.009392845605699612,7.396450695927747e-05,0.006230830590772842,0.9696892970520635,0.004769332013088765,0.005369515579420915
121,0.0006530251921667629,0.0004507774464270499,0.00034512620446288826,0.010565124551898666,0.0003196887741473296,0.017742297708589053,2.582869031816603,0.012703615474057475,0.011250639034287357
122,0.0006480707394875134,0.00038824378986776405,0.00030003424271853876,0.00882095488320504,5.528640354491977e-05,0.006570418343679714,0.8580705022721249,0.004220344731466986,0.0046755582101237906
123,0.0006431005974894185,0.0005544400023479414,0.00047360510388898546,0.008083490287286362,0.00020466249730412124,0.010781572958720582,1.8523160052867744,0.009110454296265775,0.009011735286944602
124,0.0006381153112045565,0.0006787608907740962,0.000569121811635601,0.010963908333464393,7.157083847333625e-05,0.007936433948842542,1.1763418167232509,0.0057857343603659175,0.005258981038353926
125,0.0006331154273257479,0.00041510408804502474,0.00032562094469800026,0.008948314642267568,0.0015483699454408553,0.02250264205836824,4.4832004619073516,0.022050229438513702,0.02476320945790035
126,0.000628101494146603,0.0019001359790438853,0.0016709128428244314,0.022922314264412436,9.877174367526702e-05,0.007503546860867313,1.1902843169117379,0.005854309328341332,0.006154025971346048
127,0.0006230740615013976,0.0008157372646175126,0.0006967126425349436,0.011902462541391807,0.00026362826085662365,0.010945403589201826,1.9594765937717045,0.009637514280073319,0.010256144847427207
128,0.0006180336807047746,0.0022430156589377604,0.0019788114545268138,0.02642042144600834,0.0023695982494650204,0.027441698632069998,5.139217416311778,0.025276791463361994,0.030401649380469315
129,0.0006129809044912887,0.0012472103122230951,0.0010641676980802522,0.01830426189449749,0.0006997310055238712,0.02259253925377769,3.5873361162770507,0.01764399899337143,0.016401471137947134
130,0.0006079162869547909,0.0004197138400091457,0.00033308160221037856,0.008663223891718579,0.00019790913049493812,0.011543016474960106,1.9229798978629002,0.009458008472698731,0.008797579933715353
131,0.0006028403834876673,0.00044011922590081145,0.00034475758290812206,0.009536164481791535,0.00015779507864661154,0.009834378492087126,1.3313116723707779,0.006547940044032252,0.007872580801759699
132,0.0005977537507199337,0.00020780428967555055,0.00014514537110049526,0.006265891929589478,6.0422100028113666e-05,0.006370393379724452,0.9181125284443997,0.004515656186821503,0.004916713711319438
133,0.0005926569464581937,0.0013929445533514288,0.001205383231328077,0.018756132276030256,0.0010819862202172065,0.021351954713463784,3.9537567812477152,0.019446206992381688,0.020436051470371072
134,0.0005875505296244705,0.0007596987788149687,0.000641847296278034,0.01178514830867893,0.00016984195058790242,0.00797390144185296,1.331803166467137,0.006550357414766503,0.008121722619477677
135,0.0005824350601949142,0.00034727685566135084,0.00027562055773679665,0.007165630040357688,0.00020400583647036305,0.013074973421836538,1.684714912005136,0.008286122974834394,0.009025541916918404
136,0.0005773110991383937,0.0006976623170235793,0.0005881081283275437,0.010955419053789228,9.065280493006058e-05,0.00930008141190878,1.2337127930972638,0.006067908490857582,0.005999857530255222
137,0.0005721792083549806,0.0003180311043252004,0.00026142017138356874,0.005661093422012138,5.391952031964643e-05,0.007639288182170796,0.9810755995599686,0.004825334546298894,0.0046170583155518835
138,0.0005670399506143306,0.0006226957609344806,0.0005044431755647696,0.01182525854674168,0.0006050245736130617,0.015005470652665411,2.6177228565888195,0.012875040963407589,0.015376696389602927
139,0.000561893889493969,0.00043519532945148447,0.000348337276071626,0.008685805533813047,0.00017158111060982465,0.010747127035366637,1.5432332350821119,0.007590257718750999,0.008195173392105706
140,0.0005567415893174885,0.0006860446392498229,0.0005887652374830006,0.009727940135469128,0.0009648010131463201,0.020919233480734486,3.6644949990975473,0.018023498211367027,0.019418818246942686
141,0.0005515836150926646,0.0013806432664361116,0.001180016121465347,0.020062714888315115,6.168001416679342e-05,0.006038663982014571,0.911288180395183,0.0044820912276964135,0.004964360992074382
142,0.0005464205324494961,0.00026953848443684236,0.00019907776833341423,0.007046071798374344,0.0001047137557179667,0.008084188265326833,1.3762013296614546,0.006768725898041232,0.006424973040603536
143,0.0005412529075781776,0.00015028745108013806,0.00010497388409800936,0.004531356758005651,7.625290446513746e-05,0.008284065153981958,1.2271940099406895,0.006035846425936838,0.0054977328018520856
144,0.0005360813071670101,0.000518895358098754,0.00043234550609798003,0.008654985274188221,0.0004096863728288251,0.018101511183860046,2.795829661168939,0.013751043707188828,0.012798987990806759
145,0.0005309062983402573,0.0008286745076475199,0.0007284765125535029,0.010019799573014358,0.0001786000409790884,0.011770590906962752,1.5125173350910222,0.007439184250596104,0.008335967776521475
146,0.0005257284485959538,0.001567453526461447,0.0013912242630405153,0.01762292712560988,0.0017304167057672101,0.026307899611336845,5.235138557926049,0.025748571210569417,0.025721997965750934
147,0.0005205483257436734,0.0006743149589185902,0.0005471556596343621,0.012715930315399809,0.00012634241445792012,0.008792718280372876,1.4687679383921717,0.007224006668597956,0.007045702129266296
148,0.0005153664978422616,0.0003142881326961547,0.0002492171757304667,0.006507095786011112,0.00047547534106545046,0.01270319877325424,2.4607658768871548,0.012103061783845001,0.013705293443194651
149,0.0005101835331375416,0.0015493408039869141,0.0013725408535849835,0.017679995167002614,4.8864531688903095e-05,0.0064314126619137825,0.8752419665989637,0.004304801077200176,0.004329121062022791
150,0.0005049999999999999,0.0002820118888329099,0.00021030865228957346,0.007170323682450024,7.315375902787007e-05,0.006883143098093569,1.1799422680067901,0.005803442865162612,0.00541075995938793
151,0.0004998164668624582,0.000311967334268307,0.00025505375984461614,0.0056913576196945675,0.00016413583357967177,0.00907496001704463,1.4841942452638361,0.007299879609993132,0.00797945270833027
152,0.0004946335021577383,0.00020608536485399652,0.00016262713196348548,0.004345823353755155,0.00022161974306477027,0.01252824317530862,1.8805926087969733,0.009249530297983642,0.009373807102827383
153,0.0004894516742563263,0.0011498715095513035,0.0009946943792913641,0.015517713107900427,0.0026106288941163155,0.04136760258781058,6.879224621655212,0.033834864747947294,0.03183239632199914
154,0.000484271551404046,0.001251453395421517,0.0010359392039910225,0.021551420022400895,0.0004989139286206207,0.02181000507968877,2.9876196178397794,0.014694345838005307,0.014082657475455045
155,0.0004790937016597426,0.00031295345558776585,0.0002454540005991086,0.006749945565492713,8.654431985632982e-05,0.008127290841990284,1.2398817329836234,0.006098249882245812,0.00577493972978459
156,0.0004739186928329898,0.00026214132667519153,0.00020986001083136735,0.0052281317666971255,0.00011050901068503865,0.0080921297693359,1.3873990273785914,0.006823800795080511,0.006615293755880912
157,0.0004687470924218222,0.00022973459246194189,0.00018636546193582555,0.0043369130730362875,0.00012988228930529053,0.007533231261186301,1.1641108854661684,0.005725577594511504,0.0070593159061991895
158,0.00046357946755050356,0.0003033209317956269,0.0002521199010516284,0.0051201030903030185,0.0003573850323543108,0.017278699393916342,2.5670988754180986,0.01262605133883245,0.012009365804271909
159,0.00045841638490733513,0.00022653645779168333,0.00016966019479046476,0.005687626479526184,0.0003222792414211047,0.013595369025798781,2.256714163483331,0.011099451274766423,0.011151291128776964
160,0.00045325841068251133,0.0021292282500196182,0.0019208823709569904,0.020834587517726634,0.005062193816734685,0.044869555878852094,8.701964976833235,0.042799853795395325,0.04440661307640806
161,0.0004481061105060308,0.0005694349857159458,0.00046006006145294775,0.010937492288316466,4.900718168856757e-05,0.005233620837264295,0.8554840128051204,0.0042076233091990455,0.004424541578077133
162,0.0004429600493856691,0.00029857098613449905,0.0002301413513902974,0.00684296343492211,0.0001548095573929863,0.010386791033670306,1.6806841570690616,0.0082662980591506,0.007842242302128447
163,0.000437820791645019,0.00012903856704724604,9.582323087410519e-05,0.0033215337100305727,3.1153742586159045e-05,0.004573080542364291,0.6957725367606741,0.003422096380241367,0.003493724049023229
164,0.00043268890086160604,6.073168641315923e-05,3.616177062083027e-05,0.0024569916676097947,1.0352590809108935e-05,0.002939953299106232,0.3931300518439168,0.0019335757827445314,0.0020198637116292722
165,0.0004275649398050855,5.306073914133386e-05,3.161435481940446e-05,0.002144638469742079,1.0149248838489359e-05,0.0026757886284030975,0.3792822226356878,0.0018654664457070141,0.0019556678063358006
166,0.0004224494703755289,6.595582353838836e-05,4.5197715053291176e-05,0.002075810922542587,8.439367391272551e-05,0.006469810038938054,1.0031969856075906,0.004934136649169948,0.005769823674715792
167,0.00041734305354180595,0.0002995636940665593,0.00024996670615239834,0.004959698924462178,0.0002275760796490229,0.013147868495434523,1.9754455718123995,0.0097160563021595,0.00950635790756466
168,0.000412246249280066,0.0012045151745821517,0.0010666011835772744,0.013791399168050182,0.00023656765188206919,0.013241554693584996,1.937370972090218,0.009528789712858586,0.009751133383048192
169,0.0004071596165123322,0.0001517944590887055,0.00011648764210414291,0.0035306818263571974,5.881485918103458e-05,0.005390667669208986,0.9684120281970819,0.004763049877916288,0.0048227369244338274
170,0.0004020837130452088,0.00010766997215146797,8.042833540977361e-05,0.0027241637144470587,2.0241629954398377e-05,0.004758925508109055,0.5442334459162296,0.002676764613255832,0.002817540239302596
171,0.00039701909550871116,7.08811008475355e-05,4.672600540678624e-05,0.0024155095731008,0.00029540710849889566,0.009036899311468005,1.817189545512182,0.008937687875497037,0.010916300653347486
172,0.0003919663192952252,0.0003703276822177161,0.0003142716446226197,0.005605603964067995,2.7975277741158305e-05,0.004321945711438145,0.602252796104488,0.0029621277136558273,0.0033343904638590926
173,0.0003869259384986023,0.001321099158355667,0.0011650301800078264,0.01560689866143678,0.0017721964880668868,0.02784254469775728,5.438107642062071,0.026746856902264804,0.02626513123203659
174,0.0003818985058533967,0.0006279801541885328,0.0005332314567567664,0.009474870397077341,0.0001668735332916387,0.014083709903726621,1.5799545196609062,0.00777086814585978,0.008202597687840436
175,0.00037688457267425206,0.00020661292996270017,0.00015906514941629472,0.004754778133688627,6.945296081539709e-05,0.006857212004251778,0.9429624920892583,0.00463787856000415,0.005155782004076013
176,0.0003718846887954434,0.00028741863594145147,0.00022782101336166045,0.005959762791254823,6.793306905213588e-05,0.007547084767637508,1.096824026407598,0.005394633062130013,0.005205677156503627
177,0.0003668994025105812,0.0014606137850673153,0.00131054583567415,0.015006795224534082,0.003957343578804284,0.05035889965615102,7.0076112758627,0.03446632327989832,0.03976747022610353
178,0.0003619292605124862,0.0005083143634692533,0.0004262086054430776,0.008210575968509408,4.440301816228182e-05,0.005368713678659073,0.8800872030758792,0.004328631949120275,0.00416012041140844
179,0.00035697480783323686,7.824506799027273e-05,5.4856322887124926e-05,0.0023388745192538148,1.7462234003081296e-05,0.003892170684412122,0.5370899194303809,0.0026416298029007207,0.002603002331738689
180,0.00035203658778440076,9.502330258328583e-05,5.9034503003983576e-05,0.0035988800626780303,1.2559927856475244e-05,0.003273440674612565,0.4435425893485433,0.002181525440137671,0.0022379824164116286
181,0.00034711514189745505,0.00013206018386751695,8.522435266838459e-05,0.004683583233937887,2.1719708759822726e-05,0.003529838750338448,0.5610959629371756,0.0027597014286808805,0.002866429830649256
182,0.00034221100986440094,5.2765499120661326e-05,3.329870396880454e-05,0.001946679548044423,8.298638805273287e-06,0.002598690347180569,0.3424586535232216,0.0016843529410636375,0.0017889368031727
183,0.0003373247294785804,6.557293014728722e-05,4.833107616702494e-05,0.0017241854021059616,0.0001448673637140827,0.005684041840556477,1.1996820281656675,0.005900531149361106,0.007548500644658057
184,0.0003324568365757012,0.000286019496343215,0.00023669586229126642,0.0049323634984570425,0.00014179140533896215,0.00943540623078921,1.2763113053923272,0.006277425548554767,0.007258527053119803
185,0.0003276078649750761,0.0003222530644312168,0.0002666543257613999,0.005559874116858867,0.00011917199663002975,0.009533090410487992,1.4818248496102318,0.007288225944662636,0.006863197325215517
186,0.00032277834642108417,0.0002645083924107894,0.00021871576647884336,0.004579262733126858,0.00010616450324758059,0.008626485735710178,1.326189902637904,0.0065227490674741664,0.006501886867793504
187,0.00031796881052485835,0.00013897402740050373,0.00011157517412487193,0.002739885337567622,3.39389140814698e-05,0.005951730622577348,0.8404316616155962,0.004133589636125929,0.003630160568794683
188,0.00031317978470620867,5.957379650161394e-05,4.0775814922458916e-05,0.0018797982284533127,1.6781072266288295e-05,0.003145778378737824,0.48935728222327823,0.002406861000777123,0.0025552861245254463
189,0.00030841179413578315,9.269505408805603e-05,6.792546585074888e-05,0.002476958904298954,2.1073914568761313e-05,0.00451932530850172,0.6637522068684658,0.003264607187683668,0.0028979035575181014
190,0.0003036653616774785,0.0001008648675061912,8.114681543572391e-05,0.001971805281937122,3.607915065610238e-05,0.00545549216247829,0.723819266468622,0.003560041767764173,0.0037902916563355327
191,0.0002989410078311011,0.00010753251869703361,8.206745043415659e-05,0.002546506844893364,7.816084912014453e-05,0.007496684194276375,1.2747031936835156,0.006269516191736275,0.005591982474115267
192,0.00029423925067528865,0.00010729779664221236,8.54355948311942e-05,0.002186220216598096,6.698842419912883e-05,0.006663376372307539,1.0020020673595371,0.0049282595482565,0.005134631867933831
193,0.0002895606058106975,0.0014739492486959143,0.0013435631999007974,0.013038604045868851,0.007404922630586144,0.046051997026162486,8.505200327396183,0.041832084073220144,0.0535931500506323
194,0.0002849055863034606,0.0006102393240585766,0.0005290428282023641,0.008119649410946294,4.690847446100735e-05,0.005815279610188944,0.8265406740637338,0.004065268028549231,0.004305491007795794
195,0.00028027470262892396,0.00014843428100773184,0.00011614281971950342,0.0032291461647089036,4.737723232513721e-05,0.004680863370387149,0.8429030633561878,0.004145745009475351,0.004264817190327396
196,0.0002756684626156682,0.0007308826726460081,0.0006352062764952799,0.009567639968424503,4.208302379993256e-05,0.005282351537607611,0.813342079891066,0.004000351897261776,0.004026690408419542
197,0.000271087371389818,8.582285776615858e-05,5.738599147012532e-05,0.0028436866780144295,1.7018307062244276e-05,0.0029719609467844877,0.4798157122037898,0.002359931622998675,0.0025508913945528726
198,0.0002665319313196505,7.830432107636755e-05,5.611939983022499e-05,0.0022184920971215303,1.3422315760180936e-05,0.0029001598761949155,0.4399561924829105,0.0021638860607664603,0.00228647680247268
199,0.00026200264196050494,4.475112690930213e-05,2.9127335921787434e-05,0.0015623791301290371,1.3080556881403834e-05,0.0028181545669212936,0.47378322904196063,0.002330261382077591,0.002268518224211516
200,0.00025749999999999954,3.2052927703521815e-05,1.974136402428225e-05,0.0012311563922724287,1.346211393461595e-05,0.0032353341612698775,0.47559664877277835,0.0023391805284491652,0.002321155354003438
201,0.0002530244992035658,0.00010198505668605711,7.164493648425767e-05,0.0030340121025801635,1.9593734931630832e-05,0.0039341858654682125,0.5827048553676525,0.002865982876511001,0.002779689663018309
202,0.0002485766303603003,5.5007600342703105e-05,3.6725189085830474e-05,0.0018282411669913146,3.0138090248025644e-05,0.0037264399430049317,0.6429135943525872,0.003162114294256387,0.0034440080045744026
203,0.0002441568812291443,6.577406506299407e-05,4.456465305793245e-05,0.002120941232923152,1.5560078180796052e-05,0.003945401520468295,0.5269226333031374,0.002591622895162012,0.002479523735766042
204,0.00023976573648539645,3.4785437953490015e-05,2.107988034367736e-05,0.0013705557867069729,3.4292571437314714e-06,0.0016943052594017769,0.2287431123713719,0.0011250529957615594,0.0011538434791054646
205,0.00023540367766756144,9.342728561542962e-05,6.369802347632815e-05,0.002972926279679606,0.00015250315502473514,0.00714403007711683,1.6049651541823549,0.007893880764699074,0.0076886125106623016
206,0.0002310711831245444,0.0003187823087500874,0.0002384480733715983,0.008033424022557613,0.00014552053673671454,0.00734119930504156,1.422873174246509,0.006998277284414277,0.007564160180516555
207,0.00022676872796319514,0.00029813951474092653,0.0002487355971749951,0.004940391768884313,0.0009709674114775327,0.028054686582514216,4.08506104979255,0.020092015555320236,0.019569089073851114
208,0.00022249678399620604,0.00018000581979192378,0.00014534717895782836,0.0034658640876711745,2.9196566831362565e-05,0.003728566974002336,0.64656573854913,0.0031800770461254046,0.0034367754177242822
209,0.0002182558196903736,5.2628448234567517e-05,4.048081107482306e-05,0.0012147637462476268,1.673398845822602e-05,0.0032015691860578952,0.5158991111267867,0.002537404665289314,0.0025409160295403483
210,0.00021404630011522552,3.3885022367030616e-05,2.1055840979248128e-05,0.0012829181407661443,1.2121282604008835e-05,0.0031429778202436863,0.45501611885018367,0.002237956991688924,0.0021565415828623414
211,0.0002098686868920198,2.5642389092744064e-05,1.5567192001851384e-05,0.0010075197307742201,7.886475512148334e-06,0.0024840310299103813,0.3558553196739289,0.0017502432720546792,0.0017489982455320822
212,0.00020572343814312415,2.265662232210681e-05,1.3239964036009561e-05,0.0009416658512366536,1.0523372313602724e-05,0.0028438434911160063,0.37061169988702203,0.0018228212377613955,0.0020051209639135995
213,0.00020161100844177644,6.661819986350435e-05,4.755368305658132e-05,0.001906451686019344,4.834184680172863e-05,0.00618329005581992,0.9003606884115916,0.004428345313929444,0.004300410388879186
214,0.0001975318487622361,0.0007431833626729453,0.0006321331639355776,0.011105019982538319,0.0008178209908591169,0.02245227275416255,3.654540237402215,0.01797453658646248,0.017692393357378877
215,0.00019348640643033024,0.00013408882388310823,0.00010465321933484769,0.0029435606060100586,6.431267416297083e-06,0.0022741469795749124,0.32126644584654646,0.0015801209207581008,0.0015890153797183464
216,0.00018947512507439828,4.683841901039289e-05,2.8574259645860626e-05,0.0018264159194326826,1.1264854644347603e-05,0.002614988962886855,0.3654310886579955,0.001797340854449877,0.0020355614639660847
217,0.00018549844457664425,3.426206274395684e-05,2.363442242442813e-05,0.0010627640664876837,1.1706336661316325e-05,0.0035824608448560215,0.4899398855027233,0.0024097264840613414,0.0021606451189125964
218,0.00018155680102489765,0.00012884298108214613,8.789361691015074e-05,0.004094936448382214,9.062171279260332e-06,0.0029545236994246286,0.3957972765700966,0.0019466942943248322,0.0018921310665899178
219,0.00017765062666479195,3.2720235744168996e-05,2.1633976838789488e-05,0.0011086259066360072,2.3314662232425893e-05,0.003199923599770825,0.5006229735864047,0.0024622703186184974,0.0029377942640274705
220,0.00017378034985236489,8.682891406611557e-05,6.270038477720976e-05,0.0024128529966609288,7.88473403695712e-05,0.006066641833500138,0.9228361194185005,0.004538888755973297,0.005438124028904331
221,0.0001699463950070827,5.5402902853529666e-05,4.177616944421711e-05,0.001362673393201216,1.9715116498749314e-05,0.003255119716881641,0.5849016783338208,0.0028767877581689577,0.002758800438595461
222,0.0001661491825652988,0.00018384446414399593,0.0001452138187590078,0.003863064584896035,5.5304331605536085e-05,0.005552901942948146,0.9676856625374689,0.004759477311936513,0.004693981620758416
223,0.0001623891289341484,0.0002092113911593125,0.00017798345095668212,0.003122794075170532,1.3761219179286854e-05,0.0032804791616009815,0.47401945892525865,0.0023314232581014747,0.0023250376235238726
224,0.0001586666464458838,0.00010659985869746639,7.835984275256383e-05,0.002824001636846723,1.1252296139395588e-05,0.0029244289134762115,0.43885862526445296,0.002158487772379221,0.0020923259930338612
225,0.00015498214331265874,5.651941555697704e-05,4.0731987305012546e-05,0.0015787428527671312,1.8193560271760765e-05,0.002685691003820726,0.5126402237868863,0.002521376112881355,0.00267820900510794
226,0.00015133602358176218,4.0805737074021765e-05,2.9595027379920275e-05,0.0011210709899647294,6.598252727801284e-06,0.002116061610701893,0.31409934331562317,0.0015448701536868966,0.0016209744505810573
227,0.00014772868709131046,2.537890884468652e-05,1.554248307797934e-05,0.0009836425909140547,1.6464427618403635e-05,0.002939734819145607,0.4768453340046516,0.0023453220775708776,0.0025188039388075235
228,0.00014416052942640113,3.436834739269606e-05,2.5583139446488142e-05,0.0008785208134213463,1.1702299616445089e-05,0.002654237424888249,0.39137782612675237,0.001924957613778002,0.002154384326075061
229,0.0001406319418757314,1.979948014780218e-05,1.0983195948353698e-05,0.0008816284449754416,6.143805838595047e-06,0.0017653145029076509,0.31202835861676825,0.0015346841965427956,0.0015365574680730153
230,0.00013714331138868954,2.680614663209521e-05,1.731785433126528e-05,0.0009488292481234697,0.00012181185047666077,0.007075921273125069,1.1126801585746728,0.005472620061654601,0.006877354918183946
231,0.00013369502053292226,7.489412937502493e-05,6.0375208529096975e-05,0.0014518920666887424,7.772765355993115e-05,0.008336005240146603,1.2853820916800702,0.006322039417716301,0.0054775511584621425
232,0.0001302874474523804,0.00015471610953292318,0.00012661879495681205,0.0028097315051127227,2.653049568834831e-05,0.004626091022510081,0.6217411456810206,0.0030579794568896513,0.0032394224216334123
233,0.00012692096582585187,5.8308229784285815e-05,4.5998827191137285e-05,0.0012309402560016938,2.9116459043305236e-05,0.003989015566185116,0.6478867806508398,0.0031865744761841635,0.003387476312753565
234,0.00012359594482598416,2.3077627630690197e-05,1.418819585329142e-05,0.0008889432011138914,7.71375783238505e-06,0.0018047092648755226,0.2928986126715232,0.0014405962139113714,0.0017539428131484556
235,0.00012031274907879919,2.2729097431043297e-05,1.3323765418655447e-05,0.0009405332139327324,2.9694792778577215e-05,0.003213188183560435,0.6004792192383527,0.002953404530930135,0.0034077963834795613
236,0.00011707173862370913,2.1183966545582476e-05,1.2841011391628854e-05,0.0008342955352938069,5.768653244962883e-06,0.001582094414957932,0.2770643153652878,0.0013627166072404742,0.0014789207016345882
237,0.00011387326887403316,0.00010208149438507722,7.569812529319668e-05,0.002638336860815928,6.246154134714743e-05,0.0048100776704294345,0.8848413964115505,0.004352015033311431,0.004895159786690479
238,0.00011071769057802265,6.582474224095286e-05,4.365998285200996e-05,0.002216475890392238,8.98779350993411e-06,0.0027829453399005745,0.4050076003450454,0.001991994466415334,0.0018799920515485487
239,0.0001076053497803982,2.481563776330274e-05,1.5021063342958639e-05,0.000979457457911589,7.124535714966542e-06,0.002368491652721007,0.3628478263166673,0.0017846353045173798,0.0016831570277056525
240,0.00010453658778440088,2.2539831421194582e-05,1.565490317554057e-05,0.0006884928474651783,5.602925802526846e-06,0.0020016711438074707,0.3075855525653079,0.001512832643479777,0.0014930533255541072
241,0.00010151174111436543,5.5053130157440526e-05,4.032181663465703e-05,0.001473131337947312,4.599198685658242e-05,0.0041269838194628915,0.7916773303417212,0.0038937957210769293,0.004241181813638667
242,9.853114147881633e-05,4.991809522445172e-05,3.8976672778647165e-05,0.0010941422594312046,1.8772292454135215e-05,0.0024722757308544324,0.4505139126242872,0.002215813284062188,0.0027440734461432565
243,9.559511573409167e-05,1.5055915062995545e-05,8.571316675443086e-06,0.0006484598573089378,7.214812020113944e-06,0.0024341658356466464,0.3414187372628491,0.0016792382038724526,0.0016899271041837447
244,9.270398584850061e-05,1.5420359077974614e-05,9.285335482900337e-06,0.0006135023687550399,1.0356010837616244e-05,0.00205364107137679,0.3286610419960429,0.0016164905952990819,0.0019823867838756806
245,8.985806886701499e-05,2.3059809593308145e-05,1.5075175027082617e-05,0.0007984634721651673,1.0800461798983937e-05,0.0023750128889722484,0.3864750734528074,0.0019008438534723166,0.002083669038796314
246,8.705767687650239e-05,2.4535162106076312e-05,1.3956986747741342e-05,0.0010578175778001814,2.614068534967373e-06,0.001492829605038943,0.19795287157781885,0.0009736138888704789,0.0010165845238612418
247,8.430311697150229e-05,1.587494783247426e-05,8.73288762152567e-06,0.0007142060367706498,3.681497080126266e-06,0.0016940695100596973,0.25356182394572946,0.0012471216583682838,0.0012031132127610865
248,8.159469122054909e-05,9.616543790278749e-05,8.256824806461997e-05,0.0013597190041244695,1.427910976619589e-05,0.0033571238463212336,0.4844896147240322,0.0023829198038351714,0.0023720788599543258
249,7.893269663304782e-05,7.240470916128419e-05,4.115905787784868e-05,0.00312456509938264,8.884877186372049e-06,0.002669555603227179,0.39294583972808755,0.00193266975156125,0.0018729965064192044
250,7.631742512670282e-05,1.4236852816143905e-05,8.098254890650683e-06,0.0006138598047462958,3.228787224745449e-06,0.001423469980779503,0.2195017765969417,0.0010796002938634525,0.0010974890314458443
251,7.374916349550603e-05,1.2127461276837234e-05,6.2354547773273744e-06,0.0005892006669975152,1.959945504065925e-06,0.0011509744699911347,0.16758614239035197,0.000824257786779969,0.0008753375658182174
252,7.122819337828741e-05,1.2232444123583264e-05,6.676421937105e-06,0.0005556022322187865,4.548402128218893e-06,0.002009190133373652,0.25902949853465645,0.0012740139377132229,0.001334532149514172
253,6.875479122782878e-05,1.4713853722371693e-05,9.197039364445507e-06,0.0005516814452546117,1.7468364123689957e-05,0.0026261049963068215,0.4506856526490418,0.0022166579723561404,0.002654564775766127
254,6.632922828054862e-05,1.272713348693547e-05,7.4257054287889855e-06,0.0005301428218704782,3.448619799605189e-06,0.001608903459106971,0.24757812785586342,0.0012176913723944665,0.0011539531261856096
255,6.395177052675786e-05,4.310381913066002e-05,2.479692687334786e-05,0.0018306892585574783,2.806566878158871e-05,0.0033259125675873034,0.6933861469347447,0.0034103591305603455,0.003309058672930632
256,6.162267868149065e-05,1.613265857745968e-05,1.0741382457776386e-05,0.0005391276203486736,6.874920462804666e-05,0.004948472906835377,0.9178375819775597,0.004514303886667039,0.005170468032609345
257,5.934220815591413e-05,2.2780613846862252e-05,1.5791249531308236e-05,0.0006989364441583998,1.2625931604917343e-05,0.00188484354377059,0.42822466784880375,0.002106185582716551,0.0022391022521889505
258,5.711060902932035e-05,1.1688972155557817e-05,6.492776297558781e-06,0.0005196195993838566,9.255627977230082e-06,0.0020579429626065705,0.38141733217804136,0.0018759677952864676,0.00192540557297622
259,5.492812602170101e-05,1.0353004886707952e-05,5.375907308494529e-06,0.0004977097624630136,2.914026411973383e-06,0.0017275353789695405,0.21667811659662187,0.0010657123690667731,0.001070373327728819
260,5.279499846691256e-05,9.37190456755031e-06,4.305762863460976e-06,0.000506614178448217,1.5208502159364596e-06,0.001092642456725506,0.15909517446898075,0.0007824957035512301,0.0007717996648357482
261,5.071146028642938e-05,1.0325098872142138e-05,5.242588581820331e-06,0.0005082510431488377,5.565154575985313e-06,0.002248964034619608,0.2705773233234368,0.0013308109041375237,0.0014845359894439072
262,4.867773996369213e-05,1.2635665520325086e-05,6.355818594069466e-06,0.0006279847139791985,4.09863138075808e-06,0.0016581427929590322,0.25342264968865374,0.0012464371419549473,0.0012762331290860486
263,4.669406051905255e-05,1.4268185496543344e-05,8.026495199991197e-06,0.0006241690512979403,6.1574202668958205e-06,0.001954732062794002,0.3175393878899396,0.0015617897121110408,0.0015507455777681056
264,4.476063948531553e-05,1.1573456885928732e-05,5.63406530886823e-06,0.0005939391756588261,5.728440378839474e-06,0.0019975032948423175,0.2998778449040544,0.001474922957348249,0.0015168704022163989
265,4.2877688883885086e-05,1.0697070378487946e-05,5.716337999826594e-06,0.0004980732494524481,3.489659326937221e-06,0.001412709623608472,0.22452380217591092,0.0011043006875226828,0.0011758707867030225
266,4.1045415201513684e-05,1.530269688113809e-05,9.575973484743372e-06,0.0005726723503487717,2.3522766052034663e-06,0.0012138302088715136,0.19242513818095208,0.0009464262155305295,0.0009672877159756931
267,3.926401936765836e-05,8.667482295874963e-06,3.7508353232494432e-06,0.0004916647047918689,2.8958710661047208e-06,0.001378218228429822,0.22036022683266468,0.0010838225062806915,0.0010668541559143848
268,3.753369673244687e-05,1.1278178799654727e-05,5.7493389111381735e-06,0.0005528840036796672,3.6536735782040828e-06,0.0017374193495405571,0.2543007313080883,0.0012507559096163056,0.0011972498103175705
269,3.5854637045255115e-05,2.3874868273716335e-05,1.1390768851729913e-05,0.001248409964838564,4.670652591206211e-06,0.0015865036893436418,0.2724332784626773,0.0013399392571959168,0.0013608473002166722
270,3.422702443389897e-05,3.295905771015636e-05,1.9938227736052534e-05,0.0013020830578170718,3.6775113395985195e-06,0.001451832420259182,0.22005715278840793,0.0010823318630963188,0.0011696230103052823
271,3.265103738444294e-05,8.644984391789227e-06,3.935758469505605e-06,0.0004709226007564991,3.31798740818259e-06,0.0017506505591362448,0.2466342600836254,0.0012130490412932129,0.0011528400292332367
272,3.112684872162669e-05,9.09430717034151e-06,4.265721857369239e-06,0.0004828585432343451,3.7423797354879043e-06,0.0014409846842422017,0.2390720912388393,0.0011758551751038407,0.0012045367008877022
273,2.9654625589913163e-05,8.793892906006866e-06,4.273845369847809e-06,0.0004520047617136567,3.9449058198847015e-06,0.0017570572206750512,0.2638532651657772,0.0012977392120742102,0.0012471402758867129
274,2.823452943515922e-05,1.1531807959792266e-05,6.0835086547480645e-06,0.0005448299345776572,1.8587618847555455e-06,0.001151198527908751,0.16944691769158846,0.0008334098473836404,0.0008539181079696278
275,2.6866715986911168e-05,7.391443180690008e-06,3.088729950815962e-06,0.0004302713337113216,1.7829315702834315e-06,0.00132932064173344,0.16944772313432155,0.0008334138088832912,0.0008397671716739939
276,2.5551335241327604e-05,7.13441131828014e-06,3.0680334512161217e-06,0.0004066377942633283,2.3599620501752524e-06,0.0012607130230337913,0.19379192675252915,0.0009531486456010312,0.0009676838246208727
277,2.4288531444730185e-05,8.862652876879501e-06,4.042683711499454e-06,0.0004819969261006918,1.6562650147180748e-06,0.0010475078680818634,0.16069618043259476,0.0007903701113833302,0.0008074708363376952
278,2.3078443077785645e-05,7.745286495719483e-06,3.3717757860683506e-06,0.00043735108047258107,2.928621509252278e-06,0.0013286039482669106,0.2215954930762447,0.001089898055281907,0.0010668094282597518
279,2.1921202840320064e-05,1.0519538922640745e-05,4.464095428602377e-06,0.0006055443622504494,3.920548970705164e-06,0.0017865083255206367,0.27079171566852334,0.0013318653741392975,0.0012467442675673454
280,2.081693763676623e-05,1.399643892584988e-05,6.429094168782155e-06,0.0007567344967225965,4.2925008756355965e-06,0.0016941335650959184,0.2704858999953735,0.0013303612464929556,0.0012919089967559864
281,1.9765768562247723e-05,7.908572622129993e-06,3.5458434622017064e-06,0.00043627292657869737,1.525894564085522e-06,0.001105091763643681,0.16050681482195978,0.0007894387331864941,0.000770852406178789
282,1.876781088929913e-05,7.141905905427848e-06,3.0568323036764664e-06,0.00040850737391987684,3.1165838739373917e-06,0.0013364812508890672,0.218238352432396,0.001073386252590236,0.001106877585042075
283,1.7823174055225262e-05,7.303860416284026e-06,2.9762685467663427e-06,0.0004327591983643028,2.0896088509895585e-06,0.0011317079462709705,0.1825870942853316,0.0008980386569174782,0.0009013638971523712
284,1.693196165010003e-05,1.3646503548768254e-05,6.576273329171402e-06,0.0007070230322174861,2.9206827194785647e-06,0.001575534070642399,0.2335213520771266,0.0011485543499212352,0.0010704978146388816
285,1.6094271405406855e-05,7.317899910828731e-06,3.3987301151228166e-06,0.00039191698753191824,1.978257614609902e-06,0.0012366513663437217,0.18785796463184493,0.0009239629718056486,0.0008815261449287553
286,1.5310195183320773e-05,7.940894563164745e-06,3.4530270028199085e-06,0.0004487867660437977,2.246273368200491e-06,0.0012656385062395463,0.19935351284053315,0.000980502820442091,0.0009353824068212784
287,1.4579818966635417e-05,6.553384889684821e-06,2.6339021912592996e-06,0.00039194827726792675,3.1118537751555978e-06,0.0013560179729081158,0.23600170784202962,0.001160753762856249,0.0011106703967214617
288,1.3903222849333505e-05,8.027631200288202e-06,3.145867299281235e-06,0.0004881764054256824,1.1093521676583705e-06,0.0009022440349716427,0.1309309482923079,0.0006439724199214775,0.0006586690131133393
289,1.3280481027803759e-05,6.609487919766772e-06,2.7071241975461036e-06,0.0003902363802938323,1.1360419496971492e-06,0.0009461028879741207,0.13386160410850226,0.0006583865942822884,0.0006682027229023847
290,1.271166179270472e-05,6.061027918998921e-06,2.3484446411917554e-06,0.00037125833550817334,2.0363121583007646e-06,0.001276247188382383,0.1823308907609391,0.0008967785422864659,0.0008891941715611778
291,1.21968275214754e-05,6.528375021324402e-06,2.644869417573708e-06,0.00038835056839161555,1.892750661782985e-06,0.0011372105172735506,0.17846034173119013,0.0008777415853437307,0.0008544355828463601
292,1.1736034671495336e-05,2.523415729131427e-05,1.1654696350303441e-05,0.0013579461908583264,1.6737914797381059e-06,0.001092020040960051,0.1513888402995458,0.0007445927728191066,0.0008036795735971633
293,1.1329333773893242e-05,2.3840107030537182e-05,8.616881858967775e-06,0.0015223225351032202,1.3716415468125988e-06,0.001077119233585628,0.1463485648607995,0.0007198026188204211,0.0007355043930162208
294,1.0976769428005577e-05,8.193383587240533e-06,2.941006800532315e-06,0.000525237693571918,1.1795126668958901e-06,0.001011834987522369,0.14004785722067942,0.000688813139257748,0.0006808992997089388
295,1.0678380296485951e-05,6.140739459884311e-06,2.391888191612322e-06,0.00037488513314331483,2.1049720228600363e-06,0.0011919175840115973,0.19003161940593472,0.0009346539027368096,0.0009085569754380329
296,1.04341991010651e-05,7.005855317337202e-06,2.5893190983846838e-06,0.00044165363178763075,1.6069646575387096e-06,0.0010778456543838338,0.16134072828230095,0.0007935402636196358,0.0007891871060574896
297,1.0244252618962858e-05,7.049674614531146e-06,2.7805838462719685e-06,0.0004269090864129664,9.542237112075074e-07,0.0008684787579113617,0.12242466848066352,0.0006021350264993782,0.0006122986394733957
298,1.0108561679951479e-05,7.2173679216445765e-06,2.5531580409473723e-06,0.00046642099623568357,1.9836098267155144e-06,0.0011221528136437493,0.171388578631059,0.0008429597369259231,0.0008822907230506245
299,1.002714116407149e-05,7.002348710167488e-06,2.6013034382036233e-06,0.0004401045369117388,1.2769381214638997e-06,0.0010338326745633303,0.14717010038431355,0.000723843269453667,0.0007073710448665273
300,1e-05,6.4672819478671175e-06,2.5303079561516437e-06,0.0003936974054210753,1.7860998456045409e-06,0.0012996129404720185,0.18441201422120032,0.0009070143660419601,0.000837243734667773
